date,julian_date,lake,sample_date,depth_m,water_temp_c,barometric_pressure_mmhg,dissolved_oxygen_percent_per_liter,dissolved_oxygen_mgL,conductivity_uScm,ph,ysi_salinity_ppt
11-Sep,13254,Murray,12,1,27,747.5,106.9,8.28,871,8.63,0.41
11-Sep,13254,Murray,12,2,26.9,747.4,77.9,5.95,870,8.61,0.41
11-Sep,13254,Murray,12,3,26.9,747.4,68,5.27,870,8.61,0.41
11-Sep,13254,Murray,12,4,26.9,747.4,65.6,5.19,870,8.6,0.41
11-Sep,13254,Murray,12,5,26.9,747.4,67,5.12,869,8.68,0.41
11-Sep,13254,Murray,12,7,26.4,747.4,58.7,4.66,857,8.5,0.41
11-Sep,13254,Murray,12,9,25.8,747.3,9.5,0.72,850,8.16,0.41
11-Sep,13254,Murray,12,11,23.9,747.4,4.2,0.34,821,8.1,0.41
11-Sep,13254,Murray,12,13,19.7,747.3,2.6,0.23,687,8.04,0.38
11-Sep,13254,Murray,12,15,16.4,747.3,2.6,0.25,631,8.01,0.37
11-Sep,13254,Murray,12,17,16.1,747.3,2.7,0.27,638,7.96,0.38
11-Sep,13254,Miramar,12,1,27.1,742.6,83.4,6.4,907,8.41,0.43
11-Sep,13254,Miramar,12,3,27,742.6,66.9,4.97,904,8.38,0.42
11-Sep,13254,Miramar,12,5,27,742.5,58.6,4.54,904,8.37,0.42
11-Sep,13254,Miramar,12,7,27,742.5,55.8,4.35,903,8.33,0.42
11-Sep,13254,Miramar,12,9,26.9,742.5,54.1,4.15,902,8.3,0.42
11-Sep,13254,Miramar,12,11,26.8,742.6,53.1,4.13,897,8.26,0.42
11-Sep,13254,Miramar,12,13,26.3,742.6,45.8,3.51,885,8.17,0.42
11-Sep,13254,Miramar,12,15,26,742.6,39.3,3.09,878,8.1,0.42
11-Sep,13254,Miramar,12,17,24.2,742.6,12.8,0.95,833,8,0.41
11-Sep,13254,Miramar,12,18,21.3,742.7,2.4,0.2,680,7.95,0.36
11-Sep,13254,Miramar,12,19,18.1,742.7,2.3,0.21,696,7.91,0.33
11-Sep,13255,Miramar,12,22,15.8,742.7,4.4,0.13,560,7.9,0.33
11-Sep,13254,Poway,12,1,25.6,735.7,82.4,6.44,832,8.46,0.4
11-Sep,13254,Poway,12,3,25.4,735.8,58.9,4.67,828,8.53,0.4
11-Sep,13254,Poway,12,5,25.3,735.8,57.8,4.52,828,8.51,0.4
11-Sep,13254,Poway,12,7,25.3,735.7,55,4.41,828,8.5,0.4
11-Sep,13254,Poway,12,9,25.3,735.6,55.7,4.43,830,8.5,0.4
11-Sep,13254,Poway,12,11,25.2,735.5,56.1,4.46,830,8.46,0.4
11-Sep,13254,Poway,12,13,25.2,735.5,62.7,5.01,830,8.45,0.4
11-Sep,13254,Poway,12,15,25.2,735.5,61,4.75,823,8.44,0.4
18-Sep,13261,Murray,13,1,26,743.7,87.6,6.49,839,9.03,0.39
18-Sep,13261,Murray,13,2,26.1,743.7,89.4,7.04,850,8.87,0.41
18-Sep,13261,Murray,13,3,26.1,743.6,73,8.22,763,8.78,0.37
18-Sep,13261,Murray,13,4,26.1,743.7,68,6.81,784,8.75,0.37
18-Sep,13261,Murray,13,5,26,743.7,67,5.35,830,8.72,0.38
18-Sep,13261,Murray,13,7,25.3,743.6,63.4,4.56,847,8.6,0.37
18-Sep,13261,Murray,13,9,24.5,743.7,12.3,0.98,838,8.23,0.37
18-Sep,13261,Murray,13,11,23.3,743.7,4.2,0.39,818,8.15,0.37
18-Sep,13261,Murray,13,13,19.9,743.7,2.7,0.24,693,8.03,0.38
18-Sep,13261,Murray,13,15,16.3,743.7,2.6,0.23,620,8,0.38
18-Sep,13261,Murray,13,17,16,743.7,2.7,0.23,628,7.98,0.37
18-Sep,13261,Miramar,13,1,27.3,743.2,82.3,6.4,953,8.39,0.39
18-Sep,13261,Miramar,13,3,27.1,743.1,69.4,4.98,938,8.5,0.39
18-Sep,13261,Miramar,13,5,27.1,743.1,59.8,4.53,926,8.63,0.38
18-Sep,13261,Miramar,13,7,27,743.1,57.3,4.2,902,8.33,0.4
18-Sep,13261,Miramar,13,9,27,743,56.4,4.1,889,8.43,0.38
18-Sep,13261,Miramar,13,11,26.3,743,53.2,4.12,873,8.23,0.38
18-Sep,13261,Miramar,13,13,26.4,742.9,43.7,4.02,872,8.19,0.39
18-Sep,13261,Miramar,13,15,26.1,742.9,38.3,3.33,865,8.17,0.38
18-Sep,13261,Miramar,13,17,23.7,742.9,13.5,1.03,823,8.15,0.37
18-Sep,13261,Miramar,13,18,21.4,742.9,3.2,0.15,690,7.99,0.34
18-Sep,13261,Miramar,13,19,17.9,743.1,3.2,0.17,681,7.98,0.32
18-Sep,13261,Miramar,13,20,15.3,743.1,1.5,0.12,670,7.97,0.32
20-Sep,13263,Poway,13,1,25.2,734,68.3,5.29,832,9.25,0.4
20-Sep,13263,Poway,13,3,25.3,734,63.1,4.94,828,9.09,0.4
20-Sep,13263,Poway,13,5,25.3,734.1,60.4,4.72,833,9.02,0.39
20-Sep,13263,Poway,13,7,25.3,734.1,59.7,4.74,826,8.98,0.4
20-Sep,13263,Poway,13,9,25.3,734.1,60,4.75,833,8.93,0.4
20-Sep,13263,Poway,13,11,25.3,734.1,64.8,5.1,833,8.88,0.4
20-Sep,13263,Poway,13,13,25.3,734.2,60.5,4.78,829,8.73,0.4
20-Sep,13263,Poway,13,15,25.3,734.2,61.5,4.88,829,8.71,4
24-Sep,13267,Murray,14,1,25.2,746.4,89.2,7.06,835,8.91,0.41
24-Sep,13267,Murray,14,2,25.1,746.2,90.8,7.3,837,8.82,0.41
24-Sep,13267,Murray,14,3,25.1,746.2,86.7,6.92,836,8.77,0.41
24-Sep,13267,Murray,14,4,25.1,746.1,82.3,6.7,836,8.72,0.41
24-Sep,13267,Murray,14,5,25.1,746.1,80.5,6.52,836,8.68,0.41
24-Sep,13267,Murray,14,7,25,746.1,71.4,5.8,836,8.63,0.41
24-Sep,13267,Murray,14,9,25,746.1,67.1,5.53,835,8.56,0.41
24-Sep,13267,Murray,14,11,24,746,18.5,1.46,822,8.35,0.41
24-Sep,13267,Murray,14,13,18.2,746,5,0.45,659,8.23,0.37
24-Sep,13267,Murray,14,15,16.9,746,4.3,0.4,641,8.17,0.37
24-Sep,13267,Murray,14,16,16.8,746,3.9,0.38,586,8.12,0.37
24-Sep,13267,Miramar,14,1,25.8,741.1,81.6,6.61,878,8.74,0.43
24-Sep,13267,Miramar,14,3,25.7,741.2,81.1,6.24,881,8.56,0.43
24-Sep,13267,Miramar,14,5,25.6,741.2,81.1,6.44,880,8.47,0.42
24-Sep,13267,Miramar,14,7,25.6,741.1,81,6.43,879,8.43,0.43
24-Sep,13267,Miramar,14,9,25.6,741.1,74.2,5.87,880,8.4,0.43
24-Sep,13267,Miramar,14,11,25.6,741,74.1,5.97,879,8.37,0.43
24-Sep,13267,Miramar,14,13,25.6,741.1,74.8,6.03,879,8.36,0.43
24-Sep,13267,Miramar,14,15,25.5,741.1,72.1,5.92,879,8.34,0.43
24-Sep,13267,Miramar,14,17,25,741,60.3,4.94,863,8.31,0.43
24-Sep,13267,Miramar,14,18,21.3,740.9,4.4,0.38,678,8.17,0.36
24-Sep,13267,Miramar,14,19,17.3,741,4.3,0.43,581,8.13,0.33
24-Sep,13267,Miramar,14,20,16.2,740.9,4,0.38,566,8.08,0.33
24-Sep,13267,Poway,14,1,25.3,734.6,76.3,6.12,824,8.72,0.41
24-Sep,13267,Poway,14,2,25.2,734.7,82,6.63,830,8.67,0.4
24-Sep,13267,Poway,14,3,25.1,734.7,76.5,6.04,832,8.62,0.4
24-Sep,13267,Poway,14,4,25.1,734.7,74.4,5.87,832,8.58,0.41
24-Sep,13267,Poway,14,5,25,734.8,73.2,5.75,831,8.53,0.41
24-Sep,13267,Poway,14,6,25,734.9,71.6,5.67,831,8.51,0.41
24-Sep,13267,Poway,14,7,25,734.9,70.5,5.58,831,8.44,0.41
24-Sep,13267,Poway,14,8,25,734.8,67.6,5.41,829,8.4,0.41
04-Oct,13277,Murray,15,1,23.4,746.2,86.6,7.18,814,9.16,0.41
04-Oct,13277,Murray,15,3,23.4,746.1,85.8,7.22,815,8.95,0.41
04-Oct,13277,Murray,15,5,23.4,746.1,83.1,6.88,815,8.83,0.41
04-Oct,13277,Murray,15,7,23.4,746.2,84.7,7.09,814,8.71,0.41
04-Oct,13277,Murray,15,9,23.4,746.3,82.3,6.81,814,8.65,0.41
04-Oct,13277,Murray,15,11,23.2,746.3,76.3,6.34,809,8.59,0.41
04-Oct,13277,Murray,15,13,21.6,746.4,15,1.24,773,8.44,0.4
04-Oct,13277,Murray,15,14,18,746.5,5.5,0.44,671,8.33,0.38
04-Oct,13277,Murray,15,15,17,746.4,3.9,0.36,646,8.26,0.37
04-Oct,13277,Murray,15,16,16.3,746.4,3.6,0.34,640,8.23,0.38
04-Oct,13277,Miramar,15,1,23.9,742.1,81.7,6.58,846,8.67,0.42
04-Oct,13277,Miramar,15,3,24,742.2,78.2,6.4,849,8.54,0.42
04-Oct,13277,Miramar,15,5,24,742.3,76.1,6.34,849,8.48,0.42
04-Oct,13277,Miramar,15,7,24,742.3,74,6.06,849,8.45,0.42
04-Oct,13277,Miramar,15,9,24,742.3,72.5,5.95,849,8.42,0.42
04-Oct,13277,Miramar,15,11,24,742.3,71.8,5.83,849,8.38,0.42
04-Oct,13277,Miramar,15,13,23.9,742.4,70.1,5.77,848,8.33,0.42
04-Oct,13277,Miramar,15,15,23.9,742.3,68.5,5.59,847,8.32,0.42
04-Oct,13277,Miramar,15,17,23.8,742.3,66.2,5.45,843,8.3,0.42
04-Oct,13277,Miramar,15,18,23.3,742.3,62.9,5.18,833,8.27,0.42
04-Oct,13277,Miramar,15,19,18,742.3,5.8,0.52,596,8.21,0.34
04-Oct,13277,Miramar,15,20,15.9,742.3,3.7,0.37,567,8.14,0.34
05-Oct,13278,Poway,15,1,23.2,739,100.3,8.22,801,8.84,0.41
05-Oct,13278,Poway,15,3,23.2,739,100.4,8.25,802,8.74,0.41
05-Oct,13278,Poway,15,5,23.2,738.9,100.8,8.46,802,8.73,0.41
05-Oct,13278,Poway,15,7,23.2,739,102.3,8.4,802,8.72,0.41
05-Oct,13278,Poway,15,8,23.1,738.9,92.1,7.64,802,8.69,0.41
10-Oct,13283,Murray,16,1,22.3,747.8,84.8,7.26,794,9.06,0.41
10-Oct,13283,Murray,16,3,22.2,747.8,83.1,7.22,792,8.88,0.41
10-Oct,13283,Murray,16,5,22.1,747.8,82.9,7.02,792,8.74,0.41
10-Oct,13283,Murray,16,7,22.1,747.8,77.2,6.64,792,8.67,0.41
10-Oct,13283,Murray,16,9,22,747.9,76,6.49,792,8.63,0.41
10-Oct,13283,Murray,16,11,21.9,747.9,73.6,6.33,789,8.59,0.41
10-Oct,13283,Murray,16,13,21.7,747.9,71.9,6.18,788,8.54,0.41
10-Oct,13283,Murray,16,14,21.6,747.9,66.2,5.7,784,8.5,0.41
10-Oct,13283,Murray,16,15,17.4,747.9,3.7,0.35,656,8.3,0.38
10-Oct,13283,Murray,16,16,16.5,747.9,2.7,0.26,642,8.22,0.38
10-Oct,13283,Miramar,16,1,22.8,742.9,80.4,6.74,824,8.62,0.42
10-Oct,13283,Miramar,16,3,22.7,742.8,76.6,6.5,823,8.53,0.42
10-Oct,13283,Miramar,16,5,22.7,742.8,74.2,6.22,822,8.46,0.42
10-Oct,13283,Miramar,16,7,22.7,742.8,79.2,6.67,822,8.41,0.42
10-Oct,13283,Miramar,16,9,22.7,742.7,79.1,6.65,822,8.38,0.42
10-Oct,13283,Miramar,16,11,22.7,742.6,75,6.29,822,8.38,0.42
10-Oct,13283,Miramar,16,13,22.6,742.6,74.7,6.28,821,8.36,0.42
10-Oct,13283,Miramar,16,15,22.6,742.6,73.7,6.18,820,8.34,0.42
10-Oct,13283,Miramar,16,17,22.5,742.5,71.8,6.06,821,8.3,0.42
10-Oct,13283,Miramar,16,18,22.5,742.4,75.7,6.59,821,8.28,0.42
10-Oct,13283,Miramar,16,19,21.9,742.4,64.3,5.5,794,8.24,0.42
10-Oct,13283,Miramar,16,20,16.4,742.3,4.6,0.43,583,8.17,0.35
12-Oct,13285,Poway,16,1,22,736.9,96.1,8.02,784,8.87,0.41
12-Oct,13285,Poway,16,3,22,736.9,99.4,8.36,784,8.83,0.41
12-Oct,13285,Poway,16,5,22,736.9,91.4,7.72,785,8.79,0.41
12-Oct,13285,Poway,16,7,22,736.9,90.7,7.63,784,8.77,0.41
12-Oct,13285,Poway,16,8,22.1,736.9,99.2,8.38,784,8.76,0.41
12-Oct,13285,Poway,16,9,22.1,737,99.7,8.59,784,8.75,0.41
12-Oct,13285,Poway,16,10,22.1,736.9,97.8,8.25,784,8.74,0.41
18-Oct,13291,Murray,17,1,21.8,745.7,93.8,8.08,787,8.34,0.41
18-Oct,13291,Murray,17,3,21.7,745.6,93.6,7.81,790,9.1,0.41
18-Oct,13291,Murray,17,5,21.5,745.6,87.3,7.36,786,8.96,0.41
18-Oct,13291,Murray,17,7,21.2,745.7,88.2,7.48,782,8.85,0.41
18-Oct,13291,Murray,17,9,21.2,745.7,85.2,7.28,782,8.76,0.41
18-Oct,13291,Murray,17,11,21.1,745.7,83,7.22,780,8.69,0.41
18-Oct,13291,Murray,17,13,21,745.6,71,6.3,775,8.62,0.41
18-Oct,13291,Murray,17,15,17.4,745.6,7.3,0.64,660,8.42,0.38
18-Oct,13291,Murray,17,16,17.6,745.6,4,0.38,667,8.29,0.38
18-Oct,13291,Miramar,17,1,22,741.1,88.1,7.49,812,8.76,0.42
18-Oct,13291,Miramar,17,3,22,741.1,88.3,7.5,812,8.59,0.42
18-Oct,13291,Miramar,17,5,21.9,741.1,86.3,7.32,811,8.51,0.42
18-Oct,13291,Miramar,17,7,21.7,741.2,84.1,7.15,808,8.45,0.42
18-Oct,13291,Miramar,17,9,21.7,741.1,83.5,7.14,806,8.41,0.42
18-Oct,13291,Miramar,17,11,21.7,741.2,83,7.11,806,8.38,0.42
18-Oct,13291,Miramar,17,13,21.7,741.1,81.7,6.93,806,8.35,0.42
18-Oct,13291,Miramar,17,15,21.6,741.2,83.1,7.17,805,8.32,0.42
18-Oct,13291,Miramar,17,17,21.6,741.2,82.3,7.06,804,8.3,0.42
18-Oct,13291,Miramar,17,18,21.6,741.2,82.5,7.07,803,8.28,0.42
18-Oct,13291,Miramar,17,19,21.5,741.2,82.3,7.11,802,8.27,0.42
18-Oct,13291,Miramar,17,20,18.1,741.2,6.8,0.69,638,8.14,0.36
20-Oct,13293,Poway,17,1,21.9,735.9,102.7,8.58,785,8.93,0.41
20-Oct,13293,Poway,17,3,21.5,735.9,105.9,8.87,778,8.83,0.41
20-Oct,13293,Poway,17,5,21.3,736,100.2,8.36,776,8.8,0.41
20-Oct,13293,Poway,17,7,21.3,735.9,100.9,8.68,776,8.77,0.41
20-Oct,13293,Poway,17,9,21.3,735.9,100.8,8.48,776,8.75,0.41
20-Oct,13293,Poway,17,10,21.3,735.8,99.4,8.52,776,8.73,0.41
27-Oct,13300,Murray,18,1,21.4,744,96.6,8.27,793,8.47,0.42
27-Oct,13300,Murray,18,3,21,744,88,7.71,786,8.4,0.42
27-Oct,13300,Murray,18,5,20.8,744,85.6,7.42,780,8.34,0.42
27-Oct,13300,Murray,18,7,20.7,744,85.5,7.43,781,8.29,0.42
27-Oct,13300,Murray,18,9,20.7,744,84.2,7.36,780,8.28,0.42
27-Oct,13300,Murray,18,11,20.7,744,83.6,7.28,777,8.24,0.42
27-Oct,13300,Murray,18,13,20.6,744.1,85,7.48,774,8.23,0.42
27-Oct,13300,Murray,18,15,20,744.1,19.9,1.71,761,8.1,0.41
27-Oct,13300,Murray,18,16,17.4,744.1,4.3,0.4,665,8.04,0.38
27-Oct,13300,Murray,18,17,17.4,744.1,3.4,0.32,681,NA,NA
27-Oct,13300,Miramar,18,1,21.4,739.2,88.7,7.62,804,8.85,0.42
27-Oct,13300,Miramar,18,3,21.4,739.2,84.1,7.2,804,8.51,0.42
27-Oct,13300,Miramar,18,5,21.2,739.2,79.2,6.81,799,8.46,0.42
27-Oct,13300,Miramar,18,7,21.1,739.3,77.7,6.66,798,8.43,0.42
27-Oct,13300,Miramar,18,9,21.1,739.3,77.1,6.63,797,8.39,0.42
27-Oct,13300,Miramar,18,11,21,739.3,78.1,6.78,797,8.37,0.42
27-Oct,13300,Miramar,18,13,21,739.3,81.3,7.01,797,8.35,0.42
27-Oct,13300,Miramar,18,15,21,739.3,76.7,6.59,796,8.34,0.42
27-Oct,13300,Miramar,18,17,21,739.3,75.6,6.56,796,8.33,0.42
27-Oct,13300,Miramar,18,18,21,739.3,77.2,6.63,795,8.3,0.42
27-Oct,13300,Miramar,18,19,20.9,739.3,77.8,6.78,794,8.3,0.42
27-Oct,13300,Miramar,18,20,20.9,739.3,79.3,6.58,792,8.3,0.42
27-Oct,13300,Poway,18,1,21.6,733.9,98.6,7.94,784,8.65,0.41
27-Oct,13300,Poway,18,3,21.2,733.9,97.3,8.15,778,8.63,0.41
27-Oct,13300,Poway,18,5,21.1,733.9,96.5,7.84,775,8.61,0.41
27-Oct,13300,Poway,18,7,21,733.9,91.8,8.01,775,8.59,0.41
27-Oct,13300,Poway,18,9,21,733.8,94.3,8.04,775,8.59,0.41
27-Oct,13300,Poway,18,11,21,733.7,95.3,8.13,775,8.57,0.41
27-Oct,13300,Poway,18,12,21,733.7,93.4,8.03,775,8.55,0.41
02-Nov-13,13306,Poway,19,1,20.3,737.1,98.3,8.64,765,8.7,0.41
02-Nov-13,13306,Poway,19,3,20.2,736.8,97.1,8.35,764,8.73,0.41
02-Nov-13,13306,Poway,19,5,20.2,736.8,98.4,8.63,764,7.69,0.41
02-Nov-13,13306,Poway,19,7,20.2,736.7,94.3,8.2,765,8.67,0.41
02-Nov-13,13306,Poway,19,9,20.2,736.7,98,8.54,764,8.64,0.41
02-Nov-13,13306,Poway,19,10,20.2,736.7,97.3,8.42,764,8.65,0.41
02-Nov-13,13306,Poway,19,11,20.2,736.7,93.1,6.07,765,8.65,0.41
02-Nov-13,13306,Poway,19,12,20.2,736.7,91.7,8.05,764,8.62,0.41
03-Nov-13,13307,Miramar,19,1,20.3,741.6,85.2,7.47,784,9.15,0.42
03-Nov-13,13307,Miramar,19,5,20.2,741.5,84.6,7.32,783,8.92,0.42
03-Nov-13,13307,Miramar,19,9,20.2,741.5,81.3,7.14,782,8.8,0.42
03-Nov-13,13307,Miramar,19,13,20.2,741.4,78.8,6.99,782,8.67,0.42
03-Nov-13,13307,Miramar,19,17,20.2,741.4,78.3,6.9,781,8.59,0.42
03-Nov-13,13307,Miramar,19,18,20.1,741.4,76.8,6.7,779,8.53,0.42
03-Nov-13,13307,Miramar,19,19,20.1,741.4,75.1,6.61,777,8.49,0.42
03-Nov-13,13307,Miramar,19,20,20,741.4,74.9,6.66,774,8.45,0.42
03-Nov-13,13307,Murray,19,1,20.3,744.6,84.6,7.45,772,8.25,0.42
09-Nov-13,13313,Murray,20,1,18.9,748.6,77.8,7.08,743,8.48,0.41
09-Nov-13,13313,Murray,20,5,18.9,749,78.9,7.08,742,8.71,0.41
09-Nov-13,13313,Murray,20,9,18.8,748.8,77.3,6.92,736,8.66,0.41
09-Nov-13,13313,Murray,20,13,18.8,748.8,76.5,6.75,739,8.6,0.41
09-Nov-13,13313,Murray,20,14,18.8,748.8,74,6.62,739,8.55,0.41
09-Nov-13,13313,Murray,20,15,18.8,748.8,76.2,6.83,740,8.53,0.41
09-Nov-13,13313,Miramar,20,1,19.5,743.8,80.5,7.21,770,8.6,0.42
09-Nov-13,13313,Miramar,20,5,19.4,743.8,82.2,7.31,768,8.56,0.42
09-Nov-13,13313,Miramar,20,9,19.4,743.8,77.4,6.89,767,8.51,0.42
09-Nov-13,13313,Miramar,20,13,19.4,743.8,78.9,7.04,767,8.47,0.42
09-Nov-13,13313,Miramar,20,17,19.3,743.8,79.2,7.09,766,8.44,0.42
09-Nov-13,13313,Miramar,20,18,19.3,743.8,79.9,7.28,765,8.41,0.42
09-Nov-13,13313,Miramar,20,19,19.2,743.7,74.2,6.65,760,8.4,0.42
09-Nov-13,13313,Miramar,20,20,19.2,743.6,74.1,6.68,760,8.36,0.42
10-Nov-13,13314,Poway,20,1,19.2,740.4,94.6,8.4,751,8.71,0.42
10-Nov-13,13314,Poway,20,5,19.2,740.5,86.4,7.81,752,8.67,0.42
10-Nov-13,13314,Poway,20,9,19.2,740.5,92.8,8.24,752,8.65,0.42
10-Nov-13,13314,Poway,20,10,19.2,740.5,92.4,8.31,752,8.62,0.42
15-Nov-13,13319,Miramar,21,1,19,735.5,88.3,7.82,762,8.46,0.42
15-Nov-13,13319,Miramar,21,5,19,735.7,86.2,7.68,762,8.54,0.42
15-Nov-13,13319,Miramar,21,9,19,735.7,87.4,7.85,763,8.51,0.42
15-Nov-13,13319,Miramar,21,13,19,735.6,86.3,7.56,763,8.49,0.42
15-Nov-13,13319,Miramar,21,17,18.9,735.7,80.9,7.24,760,8.46,0.42
15-Nov-13,13319,Miramar,21,20,18.9,735.7,81.1,7.27,758,8.43,0.42
16-Nov-13,13320,Poway,21,1,18.8,734.5,92.1,8.08,745,9.05,0.42
16-Nov-13,13320,Poway,21,5,18.8,734.5,90.7,8.07,746,8.84,0.42
16-Nov-13,13320,Poway,21,9,18.8,734.5,87.3,7.81,747,8.75,0.42
16-Nov-13,13320,Poway,21,13,18.8,734.5,85.6,7.66,747,8.71,0.42
16-Nov-13,13320,Poway,21,15,18.8,734.5,91.2,8.16,747,8.65,0.42
16-Nov-13,13320,Murray,21,1,18.3,745.5,84.9,7.63,730,8.9,0.41
16-Nov-13,13320,Murray,21,5,18.3,745.6,78.5,7.03,730,8.45,0.41
16-Nov-13,13320,Murray,21,9,18.3,745.5,76.7,7.02,725,8.37,0.41
16-Nov-13,13320,Murray,21,13,18.3,745.6,75.7,6.95,726,8.34,0.41
16-Nov-13,13320,Murray,21,16,18.2,745.5,77.8,7.06,724,8.31,0.41
22-Nov-13,13326,Poway,22,1,18.3,733,126.7,11.36,677,8.56,0.38
22-Nov-13,13326,Poway,22,5,18.3,732.9,100.2,8.99,671,8.47,0.38
22-Nov-13,13326,Poway,22,9,18.3,732.9,96.3,8.62,671,8.42,0.38
22-Nov-13,13326,Poway,22,13,18.3,732.9,101.3,9.11,698,8.4,0.39
22-Nov-13,13326,Poway,22,16,18.3,733,100.3,9.9,716,8.36,0.4
23-Nov-13,13327,Miramar,22,1,18.1,744.1,84.3,7.67,747,8.63,0.42
23-Nov-13,13327,Miramar,22,5,18.1,744.1,80.1,7.33,747,8.43,0.42
23-Nov-13,13327,Miramar,22,9,18,744.1,79.3,7.15,747,8.34,0.42
23-Nov-13,13327,Miramar,22,13,17.7,744,75.5,6.98,746,8.27,0.42
23-Nov-13,13327,Miramar,22,17,18.1,744,76,6.97,747,8.24,0.42
23-Nov-13,13327,Miramar,22,20,18.1,744,80.3,7.26,747,8.25,0.42
23-Nov-13,13327,Murray,22,1,17.9,748,93.7,8.66,722,8.51,0.41
23-Nov-13,13327,Murray,22,5,17.6,747.9,85.6,6,717,8.33,0.41
23-Nov-13,13327,Murray,22,9,17.6,747.9,84.5,7.83,716,8.23,0.41
23-Nov-13,13327,Murray,22,13,17.6,747.9,81.2,7.56,716,8.17,0.41
23-Nov-13,13327,Murray,22,16,17.5,747.9,80.1,7.44,717,8.16,0.41
01-Dec-13,13335,Poway,23,1,17.7,740.7,100.6,9.34,730,8.61,0.42
01-Dec-13,13335,Poway,23,5,17.6,740.6,99.3,9.1,672,8.5,0.39
01-Dec-13,13335,Poway,23,9,17.6,740.6,98.2,8.97,686,8.47,0.41
01-Dec-13,13335,Poway,23,13,17.6,740.6,95.2,8.82,716,8.43,0.4
01-Dec-13,13335,Poway,23,17,17.6,740.6,98.7,9.07,727,8.43,0.42
01-Dec-13,13335,Poway,23,20,17.6,740.6,99.4,9.04,727,8.42,0.42
01-Dec-13,13335,Miramar,23,1,17.8,745.4,101.8,9.33,736,8.3,0.42
01-Dec-13,13335,Miramar,23,5,17.8,745.5,90.5,8.39,735,8.14,0.42
01-Dec-13,13335,Miramar,23,9,17.4,745.5,86.9,8.05,734,8.13,0.42
01-Dec-13,13335,Miramar,23,13,17.3,745.5,84.4,7.86,733,8.09,0.42
01-Dec-13,13335,Miramar,23,17,17.3,745.5,85.4,7.84,733,8.08,0.42
01-Dec-13,13335,Miramar,23,20,17.3,745.5,81.5,7.66,732,8.04,0.42
01-Dec-13,13335,Murray,23,1,17.8,749,96.4,8.94,716,8.11,0.41
01-Dec-13,13335,Murray,23,5,16.9,749.8,87.2,8.3,704,8.1,0.41
01-Dec-13,13335,Murray,23,9,16.9,749.8,86.4,8.2,702,8.1,0.41
01-Dec-13,13335,Murray,23,13,16.9,749.7,83.8,7.9,703,8.08,0.41
01-Dec-13,13335,Murray,23,16,16.8,749.8,82.3,7.72,703,8.01,0.41
09-Dec-13,13343,Poway,24,1,16.1,743.6,97.8,9.29,704,8.96,0.42
09-Dec-13,13343,Poway,24,5,16.2,743.6,96.3,9.14,705,8.76,0.42
09-Dec-13,13343,Poway,24,7,16.2,743.5,96.1,9.31,705,8.64,0.42
09-Dec-13,13343,Miramar,24,1,16,749.7,91.1,8.49,708,8.43,0.42
09-Dec-13,13343,Miramar,24,5,15.9,749.6,85.1,8.14,707,8.27,0.42
09-Dec-13,13343,Miramar,24,9,15.9,749.6,84.4,8.04,707,8.24,0.42
09-Dec-13,13343,Miramar,24,13,15.9,749.6,81.7,7.78,707,8.19,0.42
09-Dec-13,13343,Miramar,24,17,15.9,749.6,80.3,7.64,708,8.19,0.42
09-Dec-13,13343,Miramar,24,20,15.9,749.5,78.8,7.56,708,8.12,0.42
09-Dec-13,13343,Murray,24,1,15.6,753.5,85.5,8.41,682,8.3,0.41
09-Dec-13,13343,Murray,24,5,15.5,753.6,81.7,8.02,679,8.18,0.41
09-Dec-13,13343,Murray,24,9,15.4,753.5,79.4,7.75,679,8.13,0.41
09-Dec-13,13343,Murray,24,13,15.4,753.4,77.1,7.51,679,8.12,0.41
09-Dec-13,13343,Murray,24,16,15.3,753.4,75.6,7.47,679,8.06,0.41
22-Dec-13,13356,Poway,25,1,15,741.4,108.5,10.53,685,9.23,0.42
22-Dec-13,13356,Poway,25,5,14.9,741.5,104.5,10.26,685,8.88,0.42
22-Dec-13,13356,Poway,25,9,14.9,741.5,98.3,9.62,684,8.76,0.42
22-Dec-13,13356,Poway,25,13,14.8,741.5,101.2,9.96,684,8.68,0.42
22-Dec-13,13356,Poway,25,17,14.8,741.5,98.1,9.58,684,8.6,0.42
22-Dec-13,13356,Miramar,25,1,15.3,746.7,96.2,9.32,699,8.38,0.42
22-Dec-13,13356,Miramar,25,5,14.8,746.8,90.1,8.9,687,8.23,0.42
22-Dec-13,13356,Miramar,25,9,14.8,746.8,87.1,8.59,690,8.17,0.42
22-Dec-13,13356,Miramar,25,13,14.7,746.8,85.8,8.41,689,8.14,0.42
22-Dec-13,13356,Miramar,25,17,14.7,746.8,87.5,8.63,690,8.1,0.42
22-Dec-13,13356,Miramar,25,20,14.7,746.7,86.5,8.4,689,8.12,0.42
22-Dec-13,13356,Murray,25,1,14.9,751.5,94.1,9.24,671,8.36,0.41
22-Dec-13,13356,Murray,25,5,14.4,751.5,84.3,8.38,663,8.19,0.41
22-Dec-13,13356,Murray,25,9,14.4,751.6,82.5,8.18,662,8.13,0.41
22-Dec-13,13356,Murray,25,13,14.3,751.5,82.6,8.08,661,8.13,0.41
22-Dec-13,13356,Murray,25,16,14.3,751.5,77.2,7.61,660,8.07,0.41
05-Jan-14,14005,Poway,26,1,14.2,738.6,109,10.88,672,8.54,0.42
12-Jan-14,14012,Poway,27,1,13.89,,,,,,
12-Jan-14,14012,Miramar,27,1,14.44,,,,,,
19-Jan-14,14019,Poway,28,1,15.94,,,,,,
19-Jan-14,14019,Poway,28,20,14,,,,,,
19-Jan-14,14019,Miramar,28,1,16.83333,,,,,,
19-Jan-14,14019,Miramar,28,24,14.5,,,,,,
19-Jan-14,14019,Murray,28,1,16.1111,,,,,,
19-Jan-14,14019,Murray,28,16,14.88889,,,,,,
26-Jan-14,14026,Poway,29,1,15.85,,,,,,
26-Jan-14,14026,Poway,29,26,14.516667,,,,,,
26-Jan-14,14026,Miramar,29,1,16.805556,,,,,,
26-Jan-14,14026,Miramar,29,24,15.16667,,,,,,
27-Jan-14,14027,Murray,29,1,17.05556,,,,,,
27-Jan-14,14027,Murray,29,12,16.61111,,,,,,
02-Feb-14,14033,Poway,30,1,14,,,,,,
02-Feb-14,14033,Miramar,30,1,14.2,,,,,,
02-Feb-14,14033,Murray,30,1,14.7,,,,,,
09-Feb-14,14040,Poway,31,1,14.2,,,,,,
09-Feb-14,14040,Poway,31,5,14,,,,,,
09-Feb-14,14040,Poway,31,9,13.8,,,,,,
09-Feb-14,14040,Poway,31,13,13.8,,,,,,
09-Feb-14,14040,Poway,31,17,13.8,,,,,,
09-Feb-14,14040,Poway,31,20,13.7,,,,,,
09-Feb-14,14040,Miramar,31,1,14.5,,,,,,
09-Feb-14,14040,Miramar,31,5,14.3,,,,,,
09-Feb-14,14040,Miramar,31,9,14.2,,,,,,
09-Feb-14,14040,Miramar,31,13,14.2,,,,,,
09-Feb-14,14040,Miramar,31,17,14.1,,,,,,
09-Feb-14,14040,Miramar,31,20,14,,,,,,
09-Feb-14,14040,Murray,31,1,15.3,,,,,,
09-Feb-14,14040,Murray,31,5,14.8,,,,,,
09-Feb-14,14040,Murray,31,9,14.5,,,,,,
09-Feb-14,14040,Murray,31,13,14.3,,,,,,
09-Feb-14,14040,Murray,31,16,14.3,,,,,,
16-Feb-14,14047,Poway,32,1,15,757.9,100.9,9.8,669,,0.41
16-Feb-14,14047,Poway,32,5,14.7,738,98.8,9.76,670,,0.41
16-Feb-14,14047,Poway,32,9,14.1,738,93.2,9.17,661,,0.41
16-Feb-14,14047,Poway,32,13,13.9,738,90.3,8.81,658,,0.41
16-Feb-14,14047,Poway,32,17,13.8,738.1,83.6,8.31,658,,0.41
16-Feb-14,14047,Poway,32,20,13.8,738.1,80.4,8.03,660,,0.41
16-Feb-14,14047,Miramar,32,1,15.4,744.3,91.5,8.96,702,,0.43
16-Feb-14,14047,Miramar,32,5,15.1,744.3,84.8,8.4,700,,0.43
16-Feb-14,14047,Miramar,32,9,14.7,744.4,83.8,8.33,698,,0.43
16-Feb-14,14047,Miramar,32,13,14.4,744.3,81.7,8.12,688,,0.43
16-Feb-14,14047,Miramar,32,17,14.2,744.4,80.7,8.07,686,,0.43
16-Feb-14,14047,Miramar,32,20,14.2,744.4,78.1,7.74,685,,0.43
16-Feb-14,14047,Murray,32,1,16.6,748.1,119.5,11.56,710,,0.42
16-Feb-14,14047,Murray,32,5,15.5,748.2,100.3,9.83,692,,0.42
16-Feb-14,14047,Murray,32,9,14.7,748.2,67.8,6.74,675,,0.41
16-Feb-14,14047,Murray,32,13,14.5,748.2,47.3,4.76,669,,0.41
16-Feb-14,14047,Murray,32,16,14.4,748.2,33.5,3.36,668,,0.41
21-Feb-14,14052,Murray,33,1,17.1,745,123,11.5,722,,0.42
21-Feb-14,14052,Murray,33,5,16,745,110.4,10.59,707,,0.42
21-Feb-14,14052,Murray,33,9,15,745,70,6.8,683,,0.42
21-Feb-14,14052,Murray,33,13,14.6,745,41.3,4.09,672,,0.41
21-Feb-14,14052,Murray,33,16,14.5,745,27.8,2.7,672,,0.42
21-Feb-14,14052,Miramar,33,1,16.2,740.1,100.2,9.57,723,,0.43
21-Feb-14,14052,Miramar,33,5,15.6,740.1,97.2,9.29,717,,0.43
21-Feb-14,14052,Miramar,33,9,15,740.1,96.9,9.38,705,,0.43
21-Feb-14,14052,Miramar,33,13,14.6,740.1,91,8.97,696,,0.43
21-Feb-14,14052,Miramar,33,17,14.4,740.1,88.6,8.75,691,,0.43
21-Feb-14,14052,Miramar,33,20,14.3,740,84.6,8.4,689,,0.43
22-Feb-14,14053,Poway,33,1,15.4,735.5,95,9.14,682,,0.41
22-Feb-14,14053,Poway,33,5,15.4,735.5,94.3,9.03,682,,0.41
22-Feb-14,14053,Poway,33,9,14.3,735.6,93.9,9.07,665,,0.41
22-Feb-14,14053,Poway,33,13,14,735.6,87.3,8.65,660,,0.41
22-Feb-14,14053,Poway,33,17,13.9,735.6,85.8,8.42,660,,0.41
22-Feb-14,14053,Poway,33,20,13.8,735.6,77.8,7.72,662,,0.42
02-Mar-14,14061,Poway,34,1,15.6,739.5,92.4,9.03,680,,0.41
02-Mar-14,14061,Poway,34,5,15.5,739.5,88.4,8.56,691,,0.41
02-Mar-14,14061,Poway,34,9,14.8,739.6,90,8.83,672,,0.41
02-Mar-14,14061,Poway,34,13,14.2,739.7,81,7.99,664,,0.41
02-Mar-14,14061,Poway,34,17,14,739.7,78.3,7.65,662,,0.41
02-Mar-14,14061,Poway,34,20,13.9,739.7,75.1,7.56,663,,0.42
03-Mar-14,14062,Miramar,34,1,16.1,745,94,8.97,723,,0.43
03-Mar-14,14062,Miramar,34,5,15.7,745.1,94,9.03,717,,0.43
03-Mar-14,14062,Miramar,34,9,15.7,745,94.2,9.01,716,,0.43
03-Mar-14,14062,Miramar,34,13,15.2,745.1,92.2,8.83,711,,0.43
03-Mar-14,14062,Miramar,34,17,14.6,745,82.4,8.09,697,,0.43
03-Mar-14,14062,Miramar,34,20,14.4,745,80.4,7.97,692,,0.43
03-Mar-14,14062,Murray,34,1,17.1,748.1,92.8,8.85,729,,0.42
03-Mar-14,14062,Murray,34,5,16.4,748.1,92.4,8.84,712,,0.42
03-Mar-14,14062,Murray,34,9,15.9,748.2,72.3,7.03,705,,0.42
03-Mar-14,14062,Murray,34,13,14.8,748.1,14.6,1.33,680,,0.42
03-Mar-14,14062,Murray,34,15,14.8,748.1,11.1,1.1,679,,0.42
09-Mar-14,14068,Poway,35,1,16.8,740,104.7,9.83,703,8.51,0.41
09-Mar-14,14068,Poway,35,5,16.4,470,97.3,8.23,697,8.49,0.41
09-Mar-14,14068,Poway,35,9,15.2,740.1,91.3,8.79,680,8.33,0.41
09-Mar-14,14068,Poway,35,13,14.2,740,81.4,8.17,665,8.08,0.41
09-Mar-14,14068,Poway,35,17,14,740,73.4,7.35,664,7.99,0.42
09-Mar-14,14068,Poway,35,20,14,740,72.5,7.29,664,7.98,0.42
09-Mar-14,14068,Miramar,35,1,17.4,744.1,100.4,9.32,751,8.15,0.43
09-Mar-14,14068,Miramar,35,5,16.6,744.2,95.2,9.08,735,8.13,0.43
09-Mar-14,14068,Miramar,35,9,16.1,744.2,94.1,9.12,726,8.13,0.43
09-Mar-14,14068,Miramar,35,13,15.6,744.3,89.4,8.7,718,8.04,0.43
09-Mar-14,14068,Miramar,35,17,15.1,744.3,84,8.29,797,7.95,0.43
09-Mar-14,14068,Miramar,35,20,14.5,744.3,75.4,7.52,695,7.86,0.43
09-Mar-14,14068,Murray,35,1,18.3,748.3,99.5,9.24,739,8.34,0.42
09-Mar-14,14068,Murray,35,5,17.4,748.4,98.5,9.31,725,8.29,0.42
09-Mar-14,14068,Murray,35,9,16.5,748.4,67.3,6.44,713,7.9,0.42
09-Mar-14,14068,Murray,35,13,15.7,748.5,21.2,2.21,704,7.62,0.42
09-Mar-14,14068,Murray,35,16,15.7,748.5,13.9,1.4,704,7.63,0.42
16-Mar-14,14075,Poway,36,1,17.8,742.3,108.4,9.97,723,8.57,0.41
16-Mar-14,14075,Poway,36,5,17.6,742.2,99.6,9.24,719,8.57,0.41
16-Mar-14,14075,Poway,36,9,15.9,742,98.8,9.36,690,8.44,0.41
16-Mar-14,14075,Poway,36,13,14.4,742,81.1,8.04,659,8.12,0.41
16-Mar-14,14075,Poway,36,17,14.1,742,74.2,7.4,666,8.01,0.42
16-Mar-14,14075,Poway,36,20,14,741.9,69.7,6.81,666,7.96,0.42
16-Mar-14,14075,Miramar,36,1,18.3,745.8,102.6,9.42,768,8.22,0.43
16-Mar-14,14075,Miramar,36,5,17.5,746.1,92.2,8.55,752,8.22,0.43
16-Mar-14,14075,Miramar,36,9,15,746.1,93.8,8.96,740,8.19,0.43
16-Mar-14,14075,Miramar,36,13,15.9,746.2,82.2,8,723,8.19,0.43
16-Mar-14,14075,Miramar,36,17,15.2,746.2,73.7,7.21,711,8.08,0.43
16-Mar-14,14075,Miramar,36,20,14.6,746.1,69.3,6.83,697,7.88,0.43
16-Mar-14,14075,Murray,36,1,19.6,750.1,117.8,10.48,773,8.49,0.42
16-Mar-14,14075,Murray,36,5,18.2,750.1,144.5,10.59,740,8.49,0.42
16-Mar-14,14075,Murray,36,9,16.7,750.2,67.4,6.34,720,7.89,0.42
16-Mar-14,14075,Murray,36,13,14.9,750.3,3.8,0.36,687,7.52,0.42
16-Mar-14,14075,Murray,36,15,14.9,750.4,2.1,0.21,688,7.51,0.42
22-Mar-14,14081,Murray,37,1,19.2,749.1,109.3,9.59,751,8.61,0.42
22-Mar-14,14081,Murray,37,5,18.7,749.1,107.4,9.83,752,8.52,0.42
22-Mar-14,14081,Murray,37,9,17.9,749.1,100,9.8,738,8.35,0.42
22-Mar-14,14081,Murray,37,13,15.5,749.1,10.3,0.85,700,7.67,0.42
22-Mar-14,14081,Murray,37,17,15,749.1,3.1,0.33,689,7.55,0.42
22-Mar-14,14081,Miramar,37,1,18.4,745.2,94.4,8.62,770,8.27,0.43
22-Mar-14,14081,Miramar,37,5,18.3,745.1,92.8,8.51,768,8.24,0.43
22-Mar-14,14081,Miramar,37,9,17.5,745.1,97.1,9.04,750,8.23,0.43
22-Mar-14,14081,Miramar,37,13,16.2,745.2,93.6,8.86,730,8.13,0.43
22-Mar-14,14081,Miramar,37,17,15.6,745.2,79.3,7.71,718,8.03,0.43
22-Mar-14,14081,Miramar,37,20,14.7,745.1,78,7.21,700,7.89,0.43
22-Mar-14,14081,Poway,37,1,18.4,739.4,95.8,8.63,732,8.61,0.41
22-Mar-14,14081,Poway,37,5,18.2,739.4,93.3,8.54,731,8.6,0.41
22-Mar-14,14081,Poway,37,9,16.1,739.4,95.1,9.06,697,8.47,0.41
22-Mar-14,14081,Poway,37,13,14.5,739.4,83.7,8.19,672,8.17,0.42
22-Mar-14,14081,Poway,37,17,14.1,739.4,75.9,7.01,668,8.01,0.42
22-Mar-14,14081,Poway,37,20,14.1,739.4,67.7,6.68,668,7.94,0.42
03-Apr-14,14093,Murray,38,1,18.6,751,94.9,8.6,752,8.53,0.42
03-Apr-14,14093,Murray,38,5,18.6,751,97.5,8.89,760,8.49,0.43
03-Apr-14,14093,Murray,38,9,18.6,751,96.2,8.83,760,8.47,0.43
03-Apr-14,14093,Murray,38,13,16.2,751,10,0.82,715,7.75,0.42
03-Apr-14,14093,Murray,38,16,15.2,751,2.7,0.27,697,7.58,0.42
03-Apr-14,14093,Miramar,38,1,18,746.7,89,8.3,764,8.27,0.44
03-Apr-14,14093,Miramar,38,5,18,746.5,84.3,7.8,763,8.28,0.44
03-Apr-14,14093,Miramar,38,9,17.9,746.5,77.4,7.65,762,8.26,0.44
03-Apr-14,14093,Miramar,38,13,17.9,746.4,83.1,7.74,762,8.24,0.44
03-Apr-14,14093,Miramar,38,17,16.3,746.4,77.9,7.47,733,8.03,0.44
03-Apr-14,14093,Miramar,38,20,14.8,746.4,55.7,5.41,702,7.79,0.43
03-Apr-14,14093,Poway,38,1,18.5,739.8,93.9,8.57,737,8.66,0.42
03-Apr-14,14093,Poway,38,5,18.1,739.8,96.1,8.66,729,8.64,0.41
03-Apr-14,14093,Poway,38,9,16.6,739.8,91.7,8.55,708,8.49,0.42
03-Apr-14,14093,Poway,38,13,14.8,739.8,73.9,7.2,676,8.13,0.42
03-Apr-14,14093,Poway,38,17,14.3,739.7,65.1,6.4,670,7.96,0.42
03-Apr-14,14093,Poway,38,20,14.2,739.7,58.5,5.77,669,7.87,0.42
10-Apr-14,14100,Murray,39,1,19.6,746.9,106.1,9.55,782,8.6,0.43
10-Apr-14,14100,Murray,39,5,19.4,746.8,95.4,8.58,778,8.49,0.43
10-Apr-14,14100,Murray,39,9,18.9,746.8,94.3,8.47,768,8.55,0.43
10-Apr-14,14100,Murray,39,13,16.4,746.8,6,0.42,746,7.7,0.42
10-Apr-14,14100,Murray,39,16,15.3,746.8,2,0.19,702,7.54,0.43
10-Apr-14,14100,Miramar,39,1,19.1,742.1,87.6,8.25,791,8.35,0.44
10-Apr-14,14100,Miramar,39,5,18.6,742.2,92.3,8.3,779,8.4,0.44
10-Apr-14,14100,Miramar,39,9,18.3,742.4,82.5,7.81,771,8.29,0.44
10-Apr-14,14100,Miramar,39,13,18,742.4,87.1,7.89,765,8.22,0.44
10-Apr-14,14100,Miramar,39,17,10.6,742.3,70,7.2,740,8.04,0.44
10-Apr-14,14100,Miramar,39,20,14.9,742.3,52.2,5.23,704,7.8,0.43
10-Apr-14,14100,Poway,39,1,19.1,736.3,102,9.11,753,8.66,0.42
10-Apr-14,14100,Poway,39,5,18.7,736.3,104.6,9.06,740,8.66,0.41
10-Apr-14,14100,Poway,39,9,17.3,736.3,97.8,8.96,716,8.51,0.41
10-Apr-14,14100,Poway,39,13,14.9,736.3,77.1,7.42,682,8.16,0.42
10-Apr-14,14100,Poway,39,17,14.5,736.3,66.7,6.59,672,7.98,0.42
10-Apr-14,14100,Poway,39,20,14.2,736.3,58,4.67,670,7.88,0.42
17-Apr-14,14107,Murray,40,1,20.8,745.4,101.8,8.82,806,8.68,0.43
17-Apr-14,14107,Murray,40,5,20.3,745.4,101.8,9.01,796,8.58,0.43
17-Apr-14,14107,Murray,40,9,19.5,745.4,92.8,8.35,782,8.45,0.43
17-Apr-14,14107,Murray,40,13,17.3,745.4,29.1,2.5,743,7.82,0.43
17-Apr-14,14107,Murray,40,16,15.5,745.4,2.6,0.25,709,7.62,0.43
17-Apr-14,14107,Miramar,40,1,20.1,740.8,92.5,8.06,810,8.34,0.44
17-Apr-14,14107,Miramar,40,5,19.7,740.8,91.4,8.21,803,8.33,0.44
17-Apr-14,14107,Miramar,40,9,19.2,740.8,93.4,8.48,791,8.32,0.44
17-Apr-14,14107,Miramar,40,13,18.3,740.8,83,7.61,773,8.23,0.44
17-Apr-14,14107,Miramar,40,17,16.9,740.8,72.4,6.79,754,8,0.44
17-Apr-14,14107,Miramar,40,20,15,740.8,53.4,5.17,704,7.77,0.43
17-Apr-14,14107,Poway,40,1,20.6,734.3,94.2,8.1,772,8.69,0.42
17-Apr-14,14107,Poway,40,5,19.9,734.4,94.2,8.45,761,8.69,0.41
17-Apr-14,14107,Poway,40,9,17.9,734.2,97.5,8.92,724,8.59,0.41
17-Apr-14,14107,Poway,40,13,15.2,734.2,75.1,7.15,682,8.09,0.41
17-Apr-14,14107,Poway,40,17,14.4,734.1,57.1,5.6,673,7.91,0.42
17-Apr-14,14107,Poway,40,20,14.3,734.1,48.2,4.82,671,7.84,0.42
24-Apr-14,14114,Murray,41,1,21.6,748.2,100.7,8.86,824,8.66,0.43
24-Apr-14,14114,Murray,41,5,21.3,748.2,98.9,8.71,820,8.62,0.43
24-Apr-14,14114,Murray,41,9,20.1,748.2,88.4,7.83,794,8.45,0.43
24-Apr-14,14114,Murray,41,13,17.6,748.1,13.4,1.28,744,7.75,0.43
24-Apr-14,14114,Murray,41,17,15.5,748,2.8,0.27,711,7.69,0.43
24-Apr-14,14114,Miramar,41,1,21.3,742.4,89.7,7.71,857,8.37,0.44
24-Apr-14,14114,Miramar,41,5,20.7,742.4,91,7.83,826,8.33,0.44
24-Apr-14,14114,Miramar,41,9,20.2,742.4,94.1,8.29,813,8.36,0.44
24-Apr-14,14114,Miramar,41,13,18.7,742.4,87.7,7.97,782,8.24,0.44
24-Apr-14,14114,Miramar,41,17,17.4,742.4,72.3,6.75,759,8.06,0.44
24-Apr-14,14114,Miramar,41,20,15.1,742.3,48.1,4.71,710,7.82,0.43
24-Apr-14,14114,Poway,41,1,21.5,735.4,98.7,8.42,795,8.68,0.42
24-Apr-14,14114,Poway,41,5,21,735.4,81.6,7.91,784,8.68,0.42
24-Apr-14,14114,Poway,41,9,17.9,735.4,95.1,9.04,725,8.49,0.41
24-Apr-14,14114,Poway,41,13,15.1,735.4,,,679,7.98,0.42
24-Apr-14,14114,Poway,41,17,14.5,735.3,,,675,7.87,0.42
24-Apr-14,14114,Poway,41,20,14.4,735.3,,,673,7.81,0.42
01-May-14,14121,Murray,42,1,20.8,749.1,91.6,8.22,805,8.57,0.43
01-May-14,14121,Murray,42,5,20.8,749.2,96.4,8.5,808,8.57,0.43
01-May-14,14121,Murray,42,9,20.7,749.2,89.8,8.12,807,8.54,0.43
01-May-14,14121,Murray,42,13,17.4,749.2,3.2,0.29,738,7.62,0.43
01-May-14,14121,Miramar,42,1,20.1,743.8,90.7,8.06,807,8.4,0.44
01-May-14,14121,Miramar,42,5,20.1,743.6,86.6,7.66,815,8.38,0.44
01-May-14,14121,Miramar,42,9,20,743.6,81.3,7.22,814,8.37,0.44
01-May-14,14121,Miramar,42,13,19.8,743.6,83.2,7.54,808,8.32,0.44
01-May-14,14121,Miramar,42,17,17.8,743.5,76.1,7.08,760,8.12,0.44
01-May-14,14121,Miramar,42,20,15.2,743.5,49.1,1.52,714,8.89,0.43
01-May-14,14121,Poway,42,1,20,737.9,97.1,8.43,771,8.7,0.42
01-May-14,14121,Poway,42,5,19.9,737.9,82.2,7.46,767,8.68,0.42
01-May-14,14121,Poway,42,8,19.9,737.9,91.9,NA,767,8.68,0.42
01-May-14,14121,Poway,42,29,,,,,,,
08-May-14,14128,Murray,43,1,22.52,,,,763,8.43,0.393
08-May-14,14128,Murray,43,16,16.05,,,,,,
08-May-14,14128,Miramar,43,1,25.61,,,,745,8.18,0.359
08-May-14,14128,Miramar,43,24,16.24,,,,,,
08-May-14,14128,Poway,43,1,22.42,,,,782,8.34,0.404
08-May-14,14128,Poway,43,29,15.2,,,,,,
15-May-14,14135,Murray,44,1,22.2,748,110,9.2,842,8.81,0.44
15-May-14,14135,Murray,44,5,21.8,748,104,9.16,831,8.6,0.44
15-May-14,14135,Murray,44,9,21.4,747.9,99.2,8.62,826,8.49,0.44
15-May-14,14135,Murray,44,13,18.6,748,4.2,0.38,766,7.82,0.43
15-May-14,14135,Murray,44,16,16.1,748,0.3,0.03,724,7.75,0.43
15-May-14,14135,Miramar,44,1,21.3,743.3,111.2,9.62,845,8.45,0.45
15-May-14,14135,Miramar,44,5,21.2,743.3,102.7,8.86,843,8.41,0.45
15-May-14,14135,Miramar,44,9,21.1,743.4,105.9,9.24,842,8.4,0.45
15-May-14,14135,Miramar,44,13,20.8,743.4,97.9,8.5,834,8.32,0.45
15-May-14,14135,Miramar,44,17,19.6,743.5,84.1,7.52,806,8.11,0.44
15-May-14,14135,Miramar,44,20,15.2,743.5,3.3,0.33,709,7.75,0.43
15-May-14,14135,Poway,44,1,20.9,737.5,117,10.07,781,8.65,0.42
15-May-14,14135,Poway,44,5,20.7,737.5,115.8,9.98,784,8.64,0.42
15-May-14,14135,Poway,44,9,20.6,737.3,108.3,9.4,781,8.63,0.42
15-May-14,14135,Poway,44,13,16.5,737.2,86.3,8.22,712,8.12,0.42
15-May-14,14135,Poway,44,17,14.9,737.1,67.7,6.37,682,7.91,0.42
15-May-14,14135,Poway,44,20,14.6,737.1,44.9,4.45,677,7.79,0.42
22-May-14,14142,Poway,45,1,21.8,737,102.3,9.06,800,8.71,0.42
22-May-14,14142,Poway,45,5,21.8,736.9,111.7,9.55,806,8.72,0.42
22-May-14,14142,Poway,45,9,21,736.9,107.1,9.21,789,8.68,0.42
22-May-14,14142,Poway,45,13,17.4,736.9,84.1,7.68,741,8.25,0.43
22-May-14,14142,Poway,45,17,16.5,736.8,76.9,7.29,713,8.1,0.42
22-May-14,14142,Poway,45,20,14.7,736.7,48.4,4.69,680,7.9,0.42
22-May-14,14142,Miramar,45,1,22.2,742.9,108.5,9.18,863,8.52,0.45
22-May-14,14142,Miramar,45,5,22.2,742.9,108.1,9.06,867,8.53,0.45
22-May-14,14142,Miramar,45,9,21.9,743,108.2,9.18,858,8.5,0.45
22-May-14,14142,Miramar,45,13,20.9,743.1,40,4.05,839,8.27,0.45
22-May-14,14142,Miramar,45,17,17.8,743,72.1,4.81,764,7.94,0.44
22-May-14,14142,Miramar,45,20,15.7,743,59.4,4.15,720,7.81,0.43
22-May-14,14142,Murray,45,1,22.8,747.9,122.1,9.86,853,8.65,0.44
22-May-14,14142,Murray,45,5,22.8,747.9,126,10.19,851,8.66,0.44
22-May-14,14142,Murray,45,9,21.9,748,104.1,8.63,835,8.42,0.44
22-May-14,14142,Murray,45,13,18.8,748,11.3,0.94,777,7.79,0.43
22-May-14,14142,Murray,45,16,16.1,747.9,4.4,0.44,731,7.78,0.44
29-May-14,14149,Murray,46,1,24.4,745,116.7,9.16,863,8.6,0.43
29-May-14,14149,Murray,46,16,,,,,,,
29-May-14,14149,Miramar,46,1,23.8,740.7,114.3,9.45,1000,8.38,0.47
29-May-14,14149,Miramar,46,5,22.7,740.6,102.3,10.45,826,8.42,0.41
29-May-14,14149,Miramar,46,9,22,740.6,116.4,9.59,888,8.41,0.44
29-May-14,14149,Miramar,46,13,21.5,740.5,95,8.04,844,8.27,0.44
29-May-14,14149,Miramar,46,17,20.3,740.4,72.7,6.31,821,8.03,0.45
29-May-14,14149,Miramar,46,20,15.7,740.3,43.1,4.11,718,7.75,0.43
29-May-14,14149,Poway,46,1,24,773,115.5,9.11,863,8.69,0.47
29-May-14,14149,Poway,46,5,22.5,735,122.3,10.18,811,8.72,0.4
29-May-14,14149,Poway,46,9,21.4,734.9,108.6,9.16,778,8.66,0.42
29-May-14,14149,Poway,46,13,18,734.8,90.3,7.67,729,8.16,0.42
29-May-14,14149,Poway,46,17,17.5,734.8,70.4,7.33,717,8.08,0.42
29-May-14,14149,Poway,46,20,15,734.6,62.2,4.95,682,7.69,0.42
05-Jun-14,14156,Murray,47,1,24.5,744.1,111.5,9.09,861,8.58,0.44
05-Jun-14,14156,Murray,47,5,24,744,106,8.73,846,8.5,0.43
05-Jun-14,14156,Murray,47,9,23,744.1,85.6,7.16,841,8.34,0.44
05-Jun-14,14156,Murray,47,13,19.5,744.2,5.9,0.54,802,7.8,0.44
05-Jun-14,14156,Murray,47,17,16.3,744.2,0.2,0.02,738,7.82,0.44
05-Jun-14,14156,Miramar,47,1,24.3,739.2,101.8,8.26,851,8.37,0.45
05-Jun-14,14156,Miramar,47,5,23.8,739,105.1,8.58,899,8.33,0.45
05-Jun-14,14156,Miramar,47,9,22.8,738.9,104.8,8.79,873,8.33,0.45
05-Jun-14,14156,Miramar,47,13,21.8,739,90.7,7.72,850,8.2,0.44
05-Jun-14,14156,Miramar,47,17,19.8,739,65.3,5.77,845,8.01,0.45
05-Jun-14,14156,Miramar,47,20,15.6,738.9,34.6,3.2,721,7.76,0.44
05-Jun-14,14156,Poway,47,1,24.8,732.5,114,8.8,860,8.7,0.42
05-Jun-14,14156,Poway,47,5,23.9,732.4,116.9,9.71,856,8.71,0.42
05-Jun-14,14156,Poway,47,9,21.5,732.3,103.9,8.83,797,8.6,0.42
05-Jun-14,14156,Poway,47,13,18.4,732.2,90.9,8.1,742,8.23,0.42
05-Jun-14,14156,Poway,47,17,17.8,732.2,75.2,6.87,733,8.12,0.42
05-Jun-14,14156,Poway,47,20,15,732.1,40.7,5.04,688,7.92,0.42
13-Jun-14,14164,Murray,48,1,24.9,746.5,113.7,8.06,873,8.47,0.45
13-Jun-14,14164,Murray,48,5,24.7,746.5,106.1,8.58,844,8.4,0.43
13-Jun-14,14164,Murray,48,9,23.8,746.4,91.9,7.63,855,8.21,0.43
13-Jun-14,14164,Murray,48,13,19.1,746.4,10.5,0.94,788,7.85,0.44
13-Jun-14,14164,Murray,48,17,16.4,746.5,0.3,0.0003,742,7.85,0.44
15-Jun-14,14166,Miramar,48,1,25,739.4,103.9,8.27,914,8.41,0.45
15-Jun-14,14166,Miramar,48,5,24.6,739.4,96.5,8,906,8.36,0.45
15-Jun-14,14166,Miramar,48,9,24.1,739.6,98.3,8.09,891,8.29,0.44
15-Jun-14,14166,Miramar,48,13,22.3,739.5,82.6,7.35,864,8.16,0.45
15-Jun-14,14166,Miramar,48,17,20.2,739.5,67.2,6.56,823,7.99,0.45
15-Jun-14,14166,Miramar,48,20,15.7,739.5,21.1,2.04,720,7.73,0.43
15-Jun-14,14166,Poway,48,1,25.1,733.8,101.9,8.09,849,8.7,0.42
15-Jun-14,14166,Poway,48,5,25.1,733.8,108.4,8.54,856,8.73,0.42
15-Jun-14,14166,Poway,48,9,20.6,733.8,112.5,9.76,778,8.45,0.42
15-Jun-14,14166,Poway,48,13,18.4,733.8,86.3,7.75,740,8.17,0.42
15-Jun-14,14166,Poway,48,17,17.4,733.7,,,734,8.06,0.42
15-Jun-14,14166,Poway,48,20,15.5,733.7,4.2,,693,7.91,0.42
19-Jun-14,14170,Murray,49,1,26,,,,735,8.33,0.34
19-Jun-14,14170,Murray,49,16,18,,,,,,
19-Jun-14,14170,Miramar,49,1,24,,,,807,8.07,0.4
19-Jun-14,14170,Miramar,49,24,19,,,,,,
19-Jun-14,14170,Poway,49,1,26,,,,744,8.49,0.36
19-Jun-14,14170,Poway,49,29,17,,,,,,
26-Jun-15,14177,Murray,50,1,25,,,,651,8.32,0.32
26-Jun-15,14177,Murray,50,16,19.6,,,,,,
26-Jun-15,14177,Miramar,50,1,23.9,,,,667,8.14,0.33
26-Jun-15,14177,Miramar,50,23,18.5,,,,,,
26-Jun-15,14177,Poway,50,1,25.3,,,,670,8.43,0.32
26-Jun-15,14177,Poway,50,29,21.8,,,,,,
26-Jun-15,14177,Poway,50,29,,,,,,,
